start_idx,end_idx,rA,rB,pred,true,correct
8,328,0.47024180109380753,0.4026858492897034,A,A,1
168,488,0.6828837456782051,0.14252046619230488,A,A,1
328,648,0.6381122294714263,0.18281756089941334,A,A,1
488,808,0.15147575850091116,0.06516660314141078,A,A,1
648,968,-0.16115115389430176,-0.04009945874115035,B,A,0
808,1128,-0.023618683347642527,0.3970340586392986,B,A,0
968,1288,0.3565051209036356,0.07809515846739438,A,A,1
1128,1448,0.6461760014520077,0.23718400173629187,A,A,1
1288,1608,0.7115090582272656,0.15849353118200388,A,A,1
1448,1768,0.2626389158825418,0.18554529899108582,A,A,1
1608,1928,0.6317590348560319,-0.006086001406968177,A,A,1
1768,2088,0.8456017236492034,0.39812433860993124,A,A,1
1928,2248,0.49196413082139573,-0.3989749297462948,A,A,1
2088,2408,0.6302155005542159,0.22253516017702774,A,A,1
2248,2568,0.5757525838985166,0.1444039729211469,A,A,1
2408,2728,0.5659682429151649,0.4368210813129547,A,A,1
2568,2888,0.20087876166797042,0.16025410994289252,A,A,1
2728,3048,0.6628788532302019,0.03329407885529404,A,A,1
2888,3208,0.6268433544698379,0.05454087793336617,A,A,1
3048,3368,0.5616288869303439,-0.47924535031333126,A,A,1
3208,3528,0.6058280125304967,-0.24180395247989805,A,A,1
3368,3688,0.48959600832463707,0.1612533206556931,A,A,1
3528,3848,0.2888949947295208,-0.11529846281269245,A,A,1
3688,4008,0.14365672596267876,-0.04239567878900983,A,A,1
3848,4168,0.13477379027306616,-0.023586015543728165,A,A,1
4008,4328,-0.02440998664231823,-0.22891888999543222,A,A,1
4168,4488,0.19935742652151017,-0.3291003515900165,A,A,1
4328,4648,0.33725866260916976,-0.19698648042616365,A,A,1
4488,4808,0.44521465263524374,-0.06974600831364966,A,A,1
4648,4968,0.7746513708117623,0.39993033900838953,A,A,1
4808,5128,0.721003455317452,0.2780765852047307,A,A,1
4968,5288,0.21406972912678357,0.2956351599070376,B,A,0
5128,5448,0.39114690334258,-0.17692933611718661,A,A,1
5288,5608,0.008489835878745015,-0.44535640471542903,A,A,1
5448,5768,0.23008673439477811,-0.029515421741154454,A,A,1
5608,5928,0.34757188655926385,0.2697817653043342,A,A,1
5768,6088,0.26797603384312285,0.07701051252873768,A,A,1
5928,6248,0.02388320792102007,0.15879632901412938,B,A,0
6088,6408,0.3065999758001794,0.2130219053685563,A,A,1
6248,6568,-0.038606971278027376,0.28689491495614994,B,A,0
6408,6728,0.23915807101081488,0.24004275230476296,B,A,0
6568,6888,0.352406979044801,0.13019244831387872,A,A,1
6728,7048,0.4653606219219494,-0.04183984451421505,A,A,1
6888,7208,0.5880995675464298,-0.24617301925660434,A,A,1
7048,7368,0.32222989326055834,-0.5589131548944933,A,A,1
7208,7528,0.6349836733908174,-0.10248834348035225,A,A,1
7368,7688,0.5894312138434789,-0.035092222909772555,A,A,1
7528,7848,0.3719626015603717,-0.34793651661528596,A,A,1
7688,8008,0.6416687086972649,-0.14072527358139247,A,A,1
7848,8168,0.7718295835780982,-0.17970221584021784,A,A,1
8008,8328,0.8714459984892572,-0.046244214168799855,A,A,1
8168,8488,0.669886816279247,-0.2859156914011106,A,A,1
8328,8648,0.3569503313339077,-0.15538835066846285,A,A,1
8488,8808,0.42735508783718307,-0.0025971261935605204,A,A,1
8648,8968,0.5396880880023913,0.26609574216630033,A,A,1
8808,9128,0.4465549939856864,-0.6267067913032109,A,A,1
8968,9288,0.4114925458571554,-0.6540761995152024,A,A,1
9128,9448,0.49206746066377305,-0.5371715770355484,A,A,1
9288,9608,0.19298382224475302,0.1257463801010664,A,A,1
9448,9768,0.45645950534002433,0.33277924600180525,A,A,1
9608,9928,0.6017186596099966,0.23696225439731508,A,A,1
9768,10088,0.11536186706669968,0.18353940217153755,B,A,0
9928,10248,0.5798321425583518,-0.09273662053650944,A,A,1
10088,10408,0.4518616878959978,-0.2618235779951147,A,A,1
10248,10568,-0.22001617086198205,-0.3644018663634566,A,A,1
10408,10728,0.2756232830504554,0.07711009661335531,A,A,1
10568,10888,0.33520818278540315,-0.07632618789664353,A,A,1
10728,11048,0.16767484008199843,-0.06894991480893148,A,A,1
10888,11208,0.41030456416628286,-0.20888858144454633,A,A,1
11048,11368,0.3884938937552162,-0.6061190211868425,A,A,1
11208,11528,0.3879883765691917,-0.2461170572724489,A,A,1
11368,11688,0.5606716428008999,0.0269430657126473,A,A,1
11528,11848,0.5786259263172038,-0.20110063474812326,A,A,1
11688,12008,0.5414441443290616,0.052007882487326206,A,A,1
11848,12168,0.19003015098221296,-0.06514294819391789,A,A,1
12008,12328,0.09337605928137636,0.22991905461572734,B,A,0
12168,12488,-0.009236973227192745,0.3737093079582418,B,A,0
12328,12648,0.19721236449279272,0.046698937871206714,A,A,1
12488,12808,0.10160838219632193,0.3251586244103303,B,A,0
12648,12968,0.2519366757493542,0.3955448091909301,B,A,0
12808,13128,0.11729601816840399,0.35286102871462943,B,A,0
12968,13288,-0.007533077815084774,0.039435475815691554,B,A,0
13128,13448,0.3210516831389728,-0.46572446043068855,A,A,1
13288,13608,0.6775410028166481,-0.41596037622429227,A,A,1
13448,13768,0.635354706516972,-0.3564797527418119,A,A,1
13608,13928,0.28133802417387627,0.20727368381690195,A,A,1
13768,14088,0.2948973319862575,0.09259528537736429,A,A,1
13928,14248,0.37277319151056854,-0.06289015628808832,A,A,1
14088,14408,0.6053427162328137,-0.35512606237854233,A,A,1
14248,14568,0.6232902466494968,-0.30604335845145536,A,A,1
14408,14728,0.32352612414742443,-0.38493242255429133,A,A,1
14568,14888,0.2036232514204687,-0.40908724540774544,A,A,1
14728,15048,0.4172061264387539,0.08275631492886222,A,A,1
14888,15208,0.42165362024828207,-0.10003367406081572,A,A,1
15048,15368,0.006063238899577402,-0.09322587533350155,A,A,1
15208,15528,0.34924261472089063,-0.38085440853463737,A,A,1
15368,15688,0.062250414215458544,0.37326895817331657,B,A,0
15528,15848,0.1645424535138617,-0.06929953848417449,A,A,1
15688,16008,0.46612842672859867,-0.26803411971490554,A,A,1
15848,16168,0.6999089481735156,-0.4153897663594222,A,A,1
16008,16328,0.653513725962093,-0.20351361572891777,A,A,1
16168,16488,0.2700843398788804,-0.30222082426660546,A,A,1
16328,16648,0.3054350368154537,-0.37905064798394217,A,A,1
16488,16808,0.025867334686167757,-0.45553233071000865,A,A,1
16648,16968,0.6545061050770327,0.065338439703485,A,A,1
16808,17128,0.4216765607868935,-0.22293820203991782,A,A,1
16968,17288,0.6125419544196132,-0.36262362544016075,A,A,1
17128,17448,0.5279164082767095,0.09264843218304616,A,A,1
17288,17608,0.45563759196509646,-0.11454233135339689,A,A,1
17448,17768,0.6372764439811448,-0.023970188145716616,A,A,1
17608,17928,0.1646175898610965,0.1101554217994934,A,A,1
17768,18088,0.0194874471694856,0.35989132649369476,B,A,0
17928,18248,0.05978408772743683,0.2163544816796622,B,A,0
18088,18408,0.32033414762414836,-0.06044041247468274,A,A,1
18248,18568,0.19062572478906778,-0.038605309436634976,A,A,1
18408,18728,0.18592127866319855,0.02859880645302349,A,A,1
18568,18888,0.1277294568331857,0.07989806585189092,A,A,1
18728,19048,0.18327565761912418,0.12512813606641218,A,A,1
18888,19208,0.6749988873448685,0.47641109851445046,A,A,1
19048,19368,0.11791871115744444,0.07683695298137419,A,A,1
19208,19528,0.5141939581781372,0.3910286343228712,A,A,1
19368,19688,0.7341894237476125,0.18725882161045418,A,A,1
19528,19848,0.8052265209678291,-0.1277920003665425,A,A,1
19688,20008,0.6873719101678513,0.09392308994287499,A,A,1
19848,20168,0.44748720933109976,0.19667615461066343,A,A,1
20008,20328,0.10059747391970102,0.3288038528610975,B,A,0
20168,20488,0.10284926825504292,-0.10123295645584819,A,A,1
20328,20648,0.5339401992508624,-0.1449816982863605,A,A,1
20488,20808,0.6311630818672525,-0.33326494024936837,A,A,1
20648,20968,0.6777172864830552,-0.14999209983181802,A,A,1
20808,21128,0.38839793825388363,-0.1363503999936955,A,A,1
20968,21288,0.47048603979149173,-0.1282084644205095,A,A,1
21128,21448,0.6086874743578216,-0.062467383548017584,A,A,1
21288,21608,0.2255595233774697,0.010034540741819746,A,A,1
21448,21768,0.2838055250948794,-0.15784262656762393,A,A,1
21608,21928,0.2696578515790616,0.04084725188823454,A,A,1
21768,22088,0.3162256162839995,-0.03656143368941604,A,A,1
21928,22248,0.30157299483184136,-0.31399161912202944,A,A,1
22088,22408,0.24930765177376304,-0.3017970750416467,A,A,1
22248,22568,-0.05717621637303955,0.23385263167475892,B,A,0
22408,22728,0.10311230459527794,0.37241689594465444,B,A,0
22568,22888,0.09235313808504751,-0.08595658226922509,A,A,1
22728,23048,-0.07409178283880155,-0.09422886094423692,A,A,1
22888,23208,-0.026481272440459013,-0.07125205986998454,A,A,1
23048,23368,0.27523585477620843,-0.2886806440665749,A,A,1
23208,23528,0.2772677986761877,-0.15821466701063527,A,A,1
23368,23688,0.20692452652240587,-0.08292374055048304,A,A,1
23528,23848,0.19473200446637928,0.11981846582441481,A,A,1
23688,24008,0.13238790411499188,0.06646860765709256,A,A,1
23848,24168,0.028656406253318226,0.07699047448387224,B,A,0
24008,24328,0.0068677326500922705,0.14558225391268012,B,A,0
24168,24488,0.05272294481554943,0.03280251984818741,A,A,1
24328,24648,0.445326136223967,-0.048836308853171785,A,A,1
24488,24808,0.4488702770451846,-0.10238163597654996,A,A,1
24648,24968,0.44144735176342664,0.1555345262071721,A,A,1
24808,25128,0.18235755050744185,-0.0016620369589239563,A,A,1
24968,25288,0.6117610282379455,0.7294238416715021,B,A,0
25128,25448,0.5173533232493209,0.2953202433358144,A,A,1
25288,25608,0.1751598132904179,-0.3205131633127682,A,A,1
25448,25768,0.24465540966838117,-0.201660369625432,A,A,1
25608,25928,0.47661281852663634,0.02237778835838774,A,A,1
25768,26088,0.7492008633044709,-0.21642405169685477,A,A,1
25928,26248,0.8200328752515703,0.18081989346320232,A,A,1
26088,26408,0.6839390528270475,0.35479953310287704,A,A,1
26248,26568,0.44413129426052417,0.6316533561872526,B,A,0
26408,26728,-0.07185795690264907,0.2841551044196477,B,A,0
26568,26888,0.558749593828877,0.39409964507771694,A,A,1
26728,27048,0.6082521192790269,0.06546817018175112,A,A,1
26888,27208,0.5532441082023616,0.019107025050848638,A,A,1
27048,27368,0.12144201794935645,-0.09458031261288176,A,A,1
27208,27528,0.6498240597452752,0.47332875442552186,A,A,1
27368,27688,0.7270272926618839,0.05066120542051831,A,A,1
27528,27848,0.5613528729447338,-0.3266210353904844,A,A,1
27688,28008,0.49113318106523945,-0.4924950001651929,A,A,1
27848,28168,0.4498769417701807,-0.6905615601946574,A,A,1
28008,28328,0.6527917639528067,-0.614623310984431,A,A,1
28168,28488,0.502496381428392,-0.3023378041878701,A,A,1
28328,28648,0.19594816846333804,-0.08326278696849329,A,A,1
28488,28808,0.32249718498172764,0.03968711044517794,A,A,1
28648,28968,0.1378169601886109,-0.04339176505681265,A,A,1
28808,29128,0.053230707447235,0.1356241844387327,B,A,0
28968,29288,0.15978445099254085,0.020207199046154506,A,A,1
29128,29448,0.41971003279333075,0.5833654502762897,B,A,0
29288,29608,0.017369812821912432,0.4268910598304307,B,A,0
29448,29768,0.4522179192284004,0.04753958477779299,A,A,1
29608,29928,0.4467255333442296,-0.12218183241691687,A,A,1
29768,30088,0.10450207228746917,-0.3707327335714309,A,A,1
29928,30248,0.19747479802687715,-0.28194222886920467,A,A,1
30088,30408,0.34563205060916263,-0.36488134459868127,A,A,1
30248,30568,0.5138602769770859,0.13234226502663896,A,A,1
30408,30728,0.1815910194433579,0.10274328513000654,A,A,1
30568,30888,0.08194035185033302,0.26409560366771323,B,A,0
30728,31048,0.2802555537124572,-0.045971924193912155,A,A,1
30888,31208,0.41898642322744734,-0.18263547306409755,A,A,1
31048,31368,0.5998173016770795,0.009648649835239801,A,A,1
31208,31528,0.37775376498643487,-0.5107035406169538,A,A,1
31368,31688,0.5196868966761701,-0.20479763410768007,A,A,1
31528,31848,0.8095744431140351,0.7223310886651659,A,A,1
31688,32008,0.7191828727804322,0.6138388422564287,A,A,1
31848,32168,0.7836404695427421,-0.09522550244278677,A,A,1
32008,32328,0.7807328915100002,-0.13280580551049262,A,A,1
32168,32488,0.2016674915033078,0.3608565937244405,B,A,0
32328,32648,0.36977392732070524,-0.043248480378499154,A,A,1
32488,32808,0.6102236859285542,-0.6264566154854735,A,A,1
32648,32968,0.6248577796271604,-0.5835727157968517,A,A,1
32808,33128,0.42329219920156447,-0.006313666842408913,A,A,1
32968,33288,0.6029040796789668,-0.06932333882237918,A,A,1
33128,33448,0.7160931586591949,0.5236407307358123,A,A,1
33288,33608,0.4571802707408941,0.47066127057578727,B,A,0
33448,33768,0.5382413200090629,-0.08849238582589168,A,A,1
33608,33928,0.6840939695213437,0.15837034136959482,A,A,1
33768,34088,0.6694977718278626,-0.018078432908050678,A,A,1
33928,34248,0.6434135213317937,-0.034357614946187505,A,A,1
34088,34408,0.40294576398829635,-0.19524755668512192,A,A,1
34248,34568,0.4886826689102014,-0.11949538943940367,A,A,1
34408,34728,0.722007451303032,0.11905229628069557,A,A,1
34568,34888,0.4808672863268371,-0.05685516264781407,A,A,1
34728,35048,0.35055811190006697,-0.40620539370735875,A,A,1
34888,35208,0.1756293815987235,-0.2313208388527394,A,A,1
35048,35368,-0.2751958471732174,-0.04004086127044649,B,A,0
35208,35528,-0.23098780650940523,-0.22282805094879118,B,A,0
35368,35688,0.0618367356564225,-0.32197162828501813,A,A,1
35528,35848,0.2539585953538387,-0.4730010630339314,A,A,1
35688,36008,0.6054472168536124,-0.46592991893418145,A,A,1
35848,36168,0.5296830624440896,-0.6542578872500915,A,A,1
36008,36328,0.3687269360483394,0.1486383338668568,A,A,1
36168,36488,0.5059725722821751,0.2433792310951309,A,A,1
36328,36648,0.6451320871876867,-0.43724683992279884,A,A,1
36488,36808,0.6573422621384588,-0.6619734041219907,A,A,1
36648,36968,0.6829161333683891,-0.35381126879031516,A,A,1
36808,37128,0.3589108968289733,-0.47899452193713343,A,A,1
36968,37288,0.13548224760016733,-0.5724484477991681,A,A,1
37128,37448,0.11844728936664775,0.07844913429674809,A,A,1
37288,37608,0.565677564078568,-0.1734618138247896,A,A,1
37448,37768,0.42822364713819794,-0.06964627496776421,A,A,1
37608,37928,0.22025919018002818,-0.019598231197803587,A,A,1
37768,38088,-0.02722755881441573,0.07859358807270969,B,A,0
37928,38248,0.06530119387226099,-0.011127390920240874,A,A,1
38088,38408,0.3831238603109063,-0.0004723796735738806,A,A,1
38248,38568,0.4333892326825478,-0.26163888773949845,A,A,1
38408,38728,0.24155975794793563,-0.30567432607238604,A,A,1
38568,38888,0.6025122554313361,-0.6357874545795071,A,A,1
38728,39048,0.6722136177353912,-0.6403703864419195,A,A,1
38888,39208,0.6578733258451083,-0.4446597907504152,A,A,1
39048,39368,0.6734075509164316,-0.5949764956913952,A,A,1
39208,39528,0.5923194706490177,-0.5337984510857031,A,A,1
39368,39688,0.2902387556193105,-0.13660005330578118,A,A,1
39528,39848,0.6160952440359794,-0.36155897885367516,A,A,1
39688,40008,0.5794679896735411,-0.44703917101299256,A,A,1
39848,40168,0.5427536017238562,-0.13555353435870024,A,A,1
40008,40328,0.639837072805118,0.058723382299641996,A,A,1
40168,40488,0.4261077898976979,-0.21229388061767454,A,A,1
40328,40648,0.4052694884401754,-0.3673247120714608,A,A,1
40488,40808,0.34269889057687847,0.18426710414433906,A,A,1
40648,40968,0.6456557857533555,0.10177480446516884,A,A,1
40808,41128,0.6229934462003627,-0.32266834455103544,A,A,1
40968,41288,0.21011275327960705,-0.24712064181204954,A,A,1
41128,41448,0.04952781890127531,0.1974961059786625,B,A,0
41288,41608,0.6288189819332269,0.26603190773925417,A,A,1
41448,41768,0.8446070541811429,-0.027541679497667254,A,A,1
41608,41928,0.790145991593384,-0.04629254814111318,A,A,1
41768,42088,0.601535114781299,-0.0891392325199137,A,A,1
41928,42248,0.4955025591049282,-0.3854442169040775,A,A,1
42088,42408,0.46740416738161134,-0.30480190903710047,A,A,1
42248,42568,0.13779870145241316,-0.15623742554750414,A,A,1
42408,42728,0.6121335858660124,0.22349389252079432,A,A,1
42568,42888,0.7594545476001836,-0.058419571465876285,A,A,1
42728,43048,0.4640451957059708,-0.1666395210959935,A,A,1
42888,43208,0.63455641485326,-0.20971061947119046,A,A,1
43048,43368,0.7595991733213844,-0.43795791860038363,A,A,1
43208,43528,0.6753586687495564,-0.15522898000917867,A,A,1
43368,43688,0.6414512607027508,0.4700938365844156,A,A,1
43528,43848,0.36175305926082046,0.0426526856778853,A,A,1
43688,44008,0.2781733637772356,0.11125403871104826,A,A,1
43848,44168,0.32479369470579555,0.18557470604509324,A,A,1
44008,44328,0.3978007955187152,0.42875959829637167,B,A,0
44168,44488,0.3140242623380754,0.18831125160421885,A,A,1
44328,44648,-0.06391572158349489,-0.18208272458033717,A,A,1
44488,44808,0.39058582885954723,0.035160729294154924,A,A,1
44648,44968,0.5649227961981689,0.16797616884533775,A,A,1
44808,45128,0.49607673135202884,0.10800525553454696,A,A,1
44968,45288,0.7142839801714451,0.2526924073203979,A,A,1
45128,45448,0.7140477542560143,-0.0426358642467333,A,A,1
45288,45608,0.6645881825664893,-0.16592428874048504,A,A,1
45448,45768,0.5175572980979335,0.16600630483274123,A,A,1
45608,45928,0.6007116137307911,0.08078980637892408,A,A,1
45768,46088,0.6873056597253802,-0.09087777589112023,A,A,1
45928,46248,0.5686841220529083,-0.008965105941691235,A,A,1
46088,46408,0.47311119078650715,0.6411208925614382,B,A,0
46248,46568,0.5167685361907381,-0.11497124857118553,A,A,1
46408,46728,0.6343346965707288,-0.43780393768437853,A,A,1
46568,46888,0.342409935620879,0.008325763204118628,A,A,1
46728,47048,0.23060665549374523,0.207384458425975,A,A,1
46888,47208,0.11701732299624885,0.07750947633138898,A,A,1
47048,47368,0.30411369242074715,-0.15023263200292708,A,A,1
47208,47528,0.4292700887362528,-0.2658252200048416,A,A,1
47368,47688,-0.00792837111008012,-0.1870925967226613,A,A,1
47528,47848,0.27434718861813817,-0.14175582227393096,A,A,1
47688,48008,0.7136647245013407,0.010400575988265132,A,A,1
47848,48168,0.37124616671478006,0.006732706438666572,A,A,1
48008,48328,0.24292550425272239,-0.02493237532689131,A,A,1
48168,48488,0.6075969100884513,-0.48582438208417994,A,A,1
48328,48648,0.7551725505942682,-0.10077491998166202,A,A,1
48488,48808,0.8798161168054927,0.21509117482352044,A,A,1
48648,48968,0.7217800798432223,-0.19071645577018578,A,A,1
48808,49128,0.6141076893071905,-0.04394595072188641,A,A,1
48968,49288,0.4718504466840958,0.17478229555357486,A,A,1
49128,49448,0.5083347069124081,-0.19429560862192005,A,A,1
49288,49608,0.4254084368255739,-0.1501305900479716,A,A,1
49448,49768,0.24267557974352355,0.040250549369893675,A,A,1
49608,49928,0.38741133520430016,0.16047929903227282,A,A,1
49768,50088,0.3916952681300695,0.12236616864119053,A,A,1
49928,50248,0.2791366510338599,0.17720982147086567,A,A,1
50088,50408,-0.05238479464678968,-0.05726248909025281,A,A,1
50248,50568,-0.16089315751842626,0.0764904747708973,B,A,0
50408,50728,0.3972674300791644,0.6219443319848721,B,A,0
50568,50888,0.29637880039032183,-0.32868008845764435,A,A,1
50728,51048,0.5864584255938119,-0.5597311564899565,A,A,1
50888,51208,0.5305827735464422,-0.6669678853324106,A,A,1
51048,51368,0.46204330251886594,-0.4961624074628977,A,A,1
51208,51528,0.5650888112155613,-0.21646561449990567,A,A,1
51368,51688,0.401576411847865,-0.39279236378259086,A,A,1
51528,51848,0.8431250169635205,0.14385026968874567,A,A,1
51688,52008,0.3018111333952785,0.15454786777073257,A,A,1
51848,52168,-0.20076666538535118,-0.23652366301682368,A,A,1
52008,52328,-0.2410599888742622,-0.42856236527628067,A,A,1
52168,52488,-0.13910649810844974,-0.42785138670200246,A,A,1
52328,52648,0.48276082396600434,-0.12895022962822852,A,A,1
52488,52808,0.7549890410532883,-0.08317405903067333,A,A,1
52648,52968,0.646535845253038,-0.16950919647623727,A,A,1
52808,53128,0.4728965318085124,-0.2439834030392911,A,A,1
52968,53288,0.19664523128849712,0.1972798623897169,B,A,0
53128,53448,0.4175287429819633,-0.3342354298851185,A,A,1
53288,53608,0.039487426662004554,-0.0823500925048632,A,A,1
53448,53768,-0.4662128103654741,-0.043548542933597806,B,A,0
53608,53928,0.45686974736095187,-0.1241125009620883,A,A,1
53768,54088,0.5492572600966668,-0.08843382828803231,A,A,1
53928,54248,0.2844916730971771,0.12560732164676947,A,A,1
54088,54408,0.2676427850257279,-0.3303042074721578,A,A,1
54248,54568,0.4009000871776899,0.011026605889874794,A,A,1
54408,54728,0.14765555364232136,0.26365797026638904,B,A,0
54568,54888,0.6062200743492513,0.4288507036281082,A,A,1
54728,55048,0.17800264722436296,0.2608763597021801,B,A,0
54888,55208,0.6349925682144614,0.12408318850564788,A,A,1
55048,55368,0.32348683091487773,-0.28347267752755173,A,A,1
55208,55528,0.45458210733426513,0.04334147664318117,A,A,1
55368,55688,0.67130155779046,0.13911520679551864,A,A,1
55528,55848,0.5068660667331859,-0.14535263597258982,A,A,1
55688,56008,0.3019396774439316,-0.06508450974565551,A,A,1
55848,56168,0.08997101309352631,0.08064138020886424,A,A,1
56008,56328,0.16939275106759966,-0.010381936665289358,A,A,1
56168,56488,0.11127480251859978,0.19327716845574608,B,A,0
56328,56648,0.07462785282439097,0.1616288447999901,B,A,0
56488,56808,0.2050440950819931,-0.5148259447169156,A,A,1
56648,56968,0.17561281382531643,-0.23811719389135066,A,A,1
56808,57128,-0.1262975989615885,-0.09737521623426805,B,A,0
56968,57288,0.05589839096713076,-0.18401211891029662,A,A,1
57128,57448,0.3408684532633783,-0.1348160103751068,A,A,1
57288,57608,0.5508706939262916,-0.24369345133853987,A,A,1
57448,57768,0.36035377999021334,-0.34712204729390894,A,A,1
57608,57928,0.3270032377991964,0.13808852292462157,A,A,1
57768,58088,0.21584124487027825,-0.3994393735867118,A,A,1
57928,58248,0.5315854988506317,-0.0638288756388652,A,A,1
58088,58408,0.47238419818674876,-0.007500672419681983,A,A,1
58248,58568,0.7255016269593206,-0.02294704119569029,A,A,1
58408,58728,0.5490219609896451,-0.17680452521090753,A,A,1
58568,58888,0.19349347629549124,-0.23621545778681377,A,A,1
58728,59048,0.24033799136667391,-0.24629534548005863,A,A,1
58888,59208,-0.02510997048087596,-0.1984818122018599,A,A,1
59048,59368,0.5582328023270949,0.14613017382647003,A,A,1
59208,59528,0.30649625214853266,-0.08761600805936108,A,A,1
59368,59688,0.42451692008010833,-0.32833120223998374,A,A,1
59528,59848,0.5624215681163859,-0.12471862398839957,A,A,1
59688,60008,0.5384248676028934,0.031082906726802043,A,A,1
59848,60168,0.2844423262826557,0.40944806717293725,B,A,0
60008,60328,-0.13884216618249215,0.2658248667490842,B,A,0
60168,60488,-0.2467594656073182,0.03312608383998839,B,A,0
60328,60648,-0.10325531556794926,0.1312550206339955,B,A,0
60488,60808,0.5209597091715243,0.2819116100106764,A,A,1
60648,60968,0.4141004729278192,-0.3404089090428085,A,A,1
60808,61128,0.6033885611284322,-0.2733095878344384,A,A,1
60968,61288,0.4716982067727287,-0.23018424950763608,A,A,1
61128,61448,0.09659192551665739,-0.3121695853987834,A,A,1
61288,61608,0.35865575940596034,-0.13250083400697119,A,A,1
61448,61768,0.32764967436701276,0.12180743030718007,A,A,1
61608,61928,-0.13753746941003908,0.15857975365744675,B,A,0
61768,62088,-0.018429033126699506,-0.15103777072391164,A,A,1
61928,62248,0.05504899114635386,-0.24610902104915794,A,A,1
62088,62408,0.034485176323566805,-0.02615115821644649,A,A,1
62248,62568,0.09557339255540734,0.08871508928232004,A,A,1
62408,62728,0.23418041773637988,0.03319331589069961,A,A,1
62568,62888,0.4990666850779926,-0.2635840156999716,A,A,1
62728,63048,0.4915939484927499,-0.2292115017998247,A,A,1
62888,63208,0.12400131051142922,0.04203548985522823,A,A,1
63048,63368,0.6327880345598725,0.07766255461723348,A,A,1
63208,63528,0.5989189409246969,-0.12278886712138656,A,A,1
63368,63688,0.3581798739899645,0.010586590985833453,A,A,1
63528,63848,0.30373891229059863,0.04626784399274155,A,A,1
63688,64008,0.27738457662119737,0.16856851715065987,A,A,1
63848,64168,0.28787683004941184,-0.2990963101167935,A,A,1
64008,64328,0.2263438526039119,-0.247078468508258,A,A,1
64168,64488,0.675212180505981,0.24930264717613454,A,A,1
64328,64648,0.16619560571100936,-0.14960954026238946,A,A,1
64488,64808,0.43371750443984575,-0.04051192250295371,A,A,1
64648,64968,0.6250413361792572,-0.24657506636746962,A,A,1
64808,65128,0.6731700272241214,-0.3360272691875422,A,A,1
64968,65288,0.3615985925137053,-0.15428619410583488,A,A,1
65128,65448,0.08595231995187864,0.011485663865494381,A,A,1
65288,65608,0.48747483304059497,-0.0747283648472362,A,A,1
65448,65768,0.3905276431541012,-0.14315805960932687,A,A,1
65608,65928,-0.08605800757364168,0.09095581512715623,B,A,0
65768,66088,0.3472116902391982,-0.3802583378391144,A,A,1
65928,66248,0.39069343818215874,-0.3006310451049502,A,A,1
66088,66408,-0.04050877919488993,-0.17944900144184392,A,A,1
66248,66568,0.10007873913189441,0.09918584473734902,A,A,1
66408,66728,0.15522246093401496,-0.09864525865593188,A,A,1
66568,66888,0.004591048232538636,-0.3230280765445293,A,A,1
66728,67048,0.2557955456343607,0.15662432114518554,A,A,1
66888,67208,0.36314932263340977,0.16386117415661178,A,A,1
67048,67368,0.609287318757898,-0.09760750571993128,A,A,1
67208,67528,0.40392124570713234,-0.37131703092628804,A,A,1
67368,67688,0.007441677408142986,-0.2055061388923662,A,A,1
67528,67848,0.5891645142747671,0.27522805915241616,A,A,1
67688,68008,0.0842090897407095,-0.02567097655221975,A,A,1
67848,68168,0.5851861504151243,-0.07898552736765518,A,A,1
68008,68328,0.6925934854248986,-0.3874930463695513,A,A,1
68168,68488,0.6557520478088752,-0.23256429808093357,A,A,1
68328,68648,0.30484270196879726,0.08114811479358765,A,A,1
68488,68808,0.5563149136500368,-0.09629986149843825,A,A,1
68648,68968,0.596092575689611,-0.30659794429822423,A,A,1
68808,69128,0.5994773491602667,-0.42413434537655725,A,A,1
68968,69288,0.34327502061416504,-0.11333551052624792,A,A,1
69128,69448,0.22323193821960616,-0.21964139645610223,A,A,1
69288,69608,0.7210910150832263,0.11921330913810597,A,A,1
69448,69768,0.5593424968912175,0.011303373615968698,A,A,1
69608,69928,0.38526072806532524,-0.2908884097604918,A,A,1
69768,70088,0.5292440574498476,0.21517304338453022,A,A,1
69928,70248,0.2435511146776169,-0.007377693469352084,A,A,1
70088,70408,0.5218883917743197,-0.5337166659282118,A,A,1
70248,70568,0.7539807769144491,-0.47411469695350444,A,A,1
70408,70728,0.5826717295785186,0.06396151424217864,A,A,1
70568,70888,0.5051347156846636,0.34704089416786876,A,A,1
70728,71048,0.09557553837606989,-0.10849753273652338,A,A,1
70888,71208,0.1704919899427992,0.006891763698219921,A,A,1
71048,71368,0.5039388683009502,0.0635329896026882,A,A,1
71208,71528,0.5149093928114926,0.08331852507650961,A,A,1
71368,71688,0.5121298948930811,-0.38027234608758326,A,A,1
71528,71848,0.7257983033851015,-0.4649410461916865,A,A,1
71688,72008,0.3670198129267304,-0.07085784481007518,A,A,1
71848,72168,0.013083019676795564,0.19532757475252602,B,A,0
72008,72328,0.34250882610935796,0.02793874209624865,A,A,1
72168,72488,0.7300463042845534,-0.19360357889749144,A,A,1
72328,72648,0.8344943428415913,-0.2351140484594125,A,A,1
72488,72808,0.4242621975213875,-0.34267447071165513,A,A,1
72648,72968,0.40336550446311903,-0.44792752787865586,A,A,1
72808,73128,0.6308607814400217,-0.18136268588296586,A,A,1
72968,73288,0.6865142039774766,-0.08710992741598307,A,A,1
73128,73448,0.5684944987705409,-0.0992103681926237,A,A,1
73288,73608,0.022115981626316086,-0.22293416649516393,A,A,1
73448,73768,-0.06205628861424985,-0.0720460377211682,A,A,1
73608,73928,0.4565203568623785,0.00934732045297995,A,B,0
73768,74088,0.29789923997235795,-0.36313616496243534,A,B,0
73928,74248,0.7340247831135396,-0.5171196071940057,A,B,0
74088,74408,0.7673420916059148,-0.5572100073878605,A,B,0
74248,74568,0.7408484949949959,-0.3323110529145706,A,B,0
74408,74728,0.6891596863603858,-0.07456410945218037,A,B,0
74568,74888,0.716819421141966,-0.1600279324886604,A,B,0
74728,75048,0.48503369885308323,-0.12404472318519023,A,B,0
74888,75208,-0.06865405451908536,-0.08055677644417907,A,B,0
75048,75368,0.32724527480164717,-0.20118102208117622,A,B,0
75208,75528,0.45385494158115725,-0.21825414873443258,A,B,0
75368,75688,0.21114524098170406,-0.12208436384043347,A,B,0
75528,75848,0.19117556136758626,0.20896415983646133,B,B,1
75688,76008,0.6662738439068581,0.2715213170795381,A,B,0
75848,76168,0.5058109580092411,-0.46724688321026214,A,B,0
76008,76328,0.6819562833170861,-0.33530855173321195,A,B,0
76168,76488,0.21207159778164325,-0.6170327153265126,A,B,0
76328,76648,-0.008010388440780223,-0.6204686787567556,A,B,0
76488,76808,-0.1830617467698504,-0.36771128901477856,A,B,0
76648,76968,0.008579343261965987,-0.11660880823541188,A,B,0
76808,77128,0.0690286957516724,-0.055225475013122506,A,B,0
76968,77288,0.2743803612313556,0.1883010191887701,A,B,0
77128,77448,0.33897662504096215,0.28454916645420303,A,B,0
77288,77608,0.45552674711249114,0.14604252345968408,A,B,0
77448,77768,0.4504549987861757,-0.5800671777251212,A,B,0
77608,77928,0.431387759907536,-0.16410623394867704,A,B,0
77768,78088,0.03824930343605805,0.20164390494301931,B,B,1
77928,78248,0.044735245363598033,-0.07749839916649306,A,B,0
78088,78408,0.3348957699951746,-0.05287444550612163,A,B,0
78248,78568,0.21280057348034284,-0.12044290502246553,A,B,0
78408,78728,-0.007041015653106142,-0.02455209860068034,A,B,0
78568,78888,0.16958161415658618,0.06598180363166005,A,B,0
78728,79048,-0.0056746839813097616,0.10936881615655489,B,B,1
78888,79208,0.09390048600513777,0.19709860210939514,B,B,1
79048,79368,-0.004486602121712452,0.1037428803102498,B,B,1
79208,79528,-0.15375884664083356,-0.1568186928504858,A,B,0
79368,79688,-0.14060572587821954,-0.10685639922429069,B,B,1
79528,79848,-0.02110163035327155,-0.04395332292541476,A,B,0
79688,80008,0.018183161866770582,0.41303018181613693,B,B,1
79848,80168,0.0228034863009823,0.18864118281056225,B,B,1
80008,80328,0.208888678409806,-0.12031838946755818,A,B,0
80168,80488,0.47143495905571986,0.05720784690956253,A,B,0
80328,80648,0.72953480867185,-0.032338819779122036,A,B,0
80488,80808,0.5864001275474132,-0.21079023230978794,A,B,0
80648,80968,0.5790903234717818,-0.09855351901635738,A,B,0
80808,81128,0.6678944292410066,-0.21176350794588686,A,B,0
80968,81288,0.7294551670191534,-0.013477580442690273,A,B,0
81128,81448,0.41636082651884115,0.04554800002699363,A,B,0
81288,81608,0.5963444727293827,0.02650270663729394,A,B,0
81448,81768,0.6709397584964518,0.036128942763006086,A,B,0
81608,81928,0.7794789155709744,0.08381023685501028,A,B,0
81768,82088,0.570528279579663,0.23310641419666012,A,B,0
81928,82248,0.5273347486837802,0.44432087717822216,A,B,0
82088,82408,0.29287273610991993,-0.2748746931493924,A,B,0
82248,82568,0.4077673476338587,-0.19429839993286835,A,B,0
82408,82728,0.5394471900494043,-0.5213178637013374,A,B,0
82568,82888,0.6128072147288216,-0.5934636208302911,A,B,0
82728,83048,0.5512971168603215,-0.27881188827753484,A,B,0
82888,83208,0.10446464345178454,0.06205620832015113,A,B,0
83048,83368,-0.2163438021795951,-0.08498834360990527,B,B,1
83208,83528,-0.25707315255970603,-0.16848258257153398,B,B,1
83368,83688,0.20175951291692817,0.08909987803486671,A,B,0
83528,83848,0.5004236067700156,-0.36979954725230324,A,B,0
83688,84008,0.5786691599566047,-0.21130261263839495,A,B,0
83848,84168,0.5911956443691132,-0.024137318126639176,A,B,0
84008,84328,0.5402361036999174,-0.32152933380144616,A,B,0
84168,84488,0.5848676047835055,-0.36225167058947544,A,B,0
84328,84648,0.658409000059342,-0.3383232213466404,A,B,0
84488,84808,0.6119738001228698,-0.19758920005840963,A,B,0
84648,84968,0.7788133472528895,0.2271569819231985,A,B,0
84808,85128,0.7152079747875769,0.36038417242293985,A,B,0
84968,85288,0.5191858436770466,-0.21629356378007142,A,B,0
85128,85448,0.6261638238882947,-0.3230606108845869,A,B,0
85288,85608,0.6615278175604835,0.16490962457422234,A,B,0
85448,85768,0.4826490880228907,-0.2463715941770389,A,B,0
85608,85928,0.3199274905094448,-0.29009236682708756,A,B,0
85768,86088,0.10423993422459876,-0.09415367362006218,A,B,0
85928,86248,-0.02874951594330964,-0.19021736316795768,A,B,0
86088,86408,0.11527220926065868,-0.17273701199477398,A,B,0
86248,86568,0.11781865755687987,-0.06625721923044209,A,B,0
86408,86728,0.13236205333122883,-0.05032281873753889,A,B,0
86568,86888,0.22944223667201943,0.09879435588449587,A,B,0
86728,87048,0.041397856518964084,-0.2579388591719056,A,B,0
86888,87208,0.5173765559006224,-0.028562600915424584,A,B,0
87048,87368,0.07949660630295377,-0.25499871015530917,A,B,0
87208,87528,-0.15480588624240316,-0.2096469906933061,A,B,0
87368,87688,0.14836505632520852,0.030574796280311147,A,B,0
87528,87848,0.3956961681360094,0.0204736148037089,A,B,0
87688,88008,0.05488133786150841,-0.1005383789432983,A,B,0
87848,88168,0.16777127150642662,0.20036174672360646,B,B,1
88008,88328,0.2411083164395359,0.06613873382366606,A,B,0
88168,88488,0.678731978794346,0.25110038881542374,A,B,0
88328,88648,0.6347830151635899,-0.06944057652486033,A,B,0
88488,88808,0.6728291198921762,-0.09663685524646105,A,B,0
88648,88968,0.633025109182539,-0.10140238397238574,A,B,0
88808,89128,0.6280314131324299,-0.19643396164453564,A,B,0
88968,89288,0.5792312259500976,-0.141113243781269,A,B,0
89128,89448,0.5133493261837258,-0.23055339771512315,A,B,0
89288,89608,0.3690641197883496,0.020505963028190455,A,B,0
89448,89768,0.4730252100058798,-0.049457350026480947,A,B,0
89608,89928,0.20638761803626207,-0.253411558477012,A,B,0
89768,90088,0.5327670505872643,-0.36874582598296074,A,B,0
89928,90248,0.6709326265745658,-0.25933974871588594,A,B,0
90088,90408,0.4255182959443916,0.036075653301588594,A,B,0
90248,90568,0.6132031205322821,-0.13206479160969492,A,B,0
90408,90728,0.7224807668191838,-0.3336718760138128,A,B,0
90568,90888,0.753824542327074,0.01856230012067478,A,B,0
90728,91048,0.22044448649098897,-0.15258942310536067,A,B,0
90888,91208,0.1888009575576019,-0.15868097846745932,A,B,0
91048,91368,0.22812294628213942,-0.20563900763061022,A,B,0
91208,91528,0.6728526253576048,0.007620362194738256,A,B,0
91368,91688,0.4503078550666792,0.09102897638598795,A,B,0
91528,91848,0.35687328957735204,-0.053610688461467174,A,B,0
91688,92008,0.2330757107457975,-0.27292211703874875,A,B,0
91848,92168,0.48498811097903327,0.2813170813153836,A,B,0
92008,92328,0.8090622546550276,0.5136928202304574,A,B,0
92168,92488,9.856156935455151e-05,-0.6516637828321925,A,B,0
92328,92648,-0.07684748618167193,0.3089895334551685,B,B,1
92488,92808,0.1701013443475731,0.10373868541877919,A,B,0
92648,92968,0.4373074754999558,-0.16154142098426108,A,B,0
92808,93128,0.4061052761687374,-0.2436419693121137,A,B,0
92968,93288,0.862291794295546,-0.38473835378043836,A,B,0
93128,93448,0.8126925650224783,-0.7503307783099398,A,B,0
93288,93608,0.7435509139641929,-0.3626923947408305,A,B,0
93448,93768,0.7073897337926666,0.02928821091103354,A,B,0
93608,93928,0.6239839707505227,0.07704354373399835,A,B,0
93768,94088,0.43494222220600176,0.039844529742888594,A,B,0
93928,94248,0.3518864218658472,0.18267173573773388,A,B,0
94088,94408,0.37493183138263875,0.09589625528422267,A,B,0
94248,94568,0.28124575167970006,-0.10541013576650599,A,B,0
94408,94728,0.5344986108289841,-0.12153357991489712,A,B,0
94568,94888,0.6763877471059636,-0.13637880952982226,A,B,0
94728,95048,0.5104278989908607,-0.16398846852029914,A,B,0
94888,95208,-0.0565117721813906,-0.291799390012186,A,B,0
95048,95368,0.013404849362692513,-0.36032472935068166,A,B,0
95208,95528,-0.15446020524303172,-0.18087121575734785,A,B,0
95368,95688,-0.3217596616869754,0.08852303472669339,B,B,1
95528,95848,-0.06068614058787571,0.0904501465683559,B,B,1
95688,96008,0.06687443733280901,0.08627389081919043,B,B,1
95848,96168,0.24608728443971975,0.19395122154212602,A,B,0
96008,96328,0.07285413674631165,0.03306262531625486,A,B,0
96168,96488,0.39605459700268736,0.13577952901403934,A,B,0
96328,96648,0.7994521805065286,0.3718195042823407,A,B,0
96488,96808,0.7696101838065631,-0.3351218656408124,A,B,0
96648,96968,0.2680810431056982,-0.41782996522115384,A,B,0
96808,97128,0.520444011846804,-0.2505578783833236,A,B,0
96968,97288,0.7583165661233114,-0.23880381123455627,A,B,0
97128,97448,0.7245543218815959,-0.16413424063933216,A,B,0
97288,97608,0.6954564559759817,-0.051372542029805665,A,B,0
97448,97768,0.5824280727625936,-0.1417162124068626,A,B,0
97608,97928,0.4152622400661715,-0.09194551949954764,A,B,0
97768,98088,0.5882462675345522,0.007994638576442096,A,B,0
97928,98248,0.5906517978829281,-0.21796195981030703,A,B,0
98088,98408,0.7121629407638981,-0.12787775264935428,A,B,0
98248,98568,0.6714303115342307,0.30041703489902344,A,B,0
98408,98728,0.38851741464728384,0.26829077548720376,A,B,0
98568,98888,0.35072980426708106,0.11388062834898617,A,B,0
98728,99048,0.1851387986979005,-0.13861105004274485,A,B,0
98888,99208,0.2776046086428842,-0.2450145326787355,A,B,0
99048,99368,0.3313879258398629,0.10572324992901905,A,B,0
99208,99528,-0.10453785405540515,0.061522839349880586,B,B,1
99368,99688,0.06055997970019141,-0.1844351542343433,A,B,0
99528,99848,0.10803549090144617,-0.18699738475254263,A,B,0
99688,100008,0.4102649377574984,-0.002340553056154275,A,B,0
99848,100168,0.5152645857252468,-0.19985038236067248,A,B,0
100008,100328,0.6399098603238746,-0.5150023575122628,A,B,0
100168,100488,0.5407545054679732,-0.43800188733809897,A,B,0
100328,100648,0.5287466357950932,0.030012099841490614,A,B,0
100488,100808,0.48422747489710505,0.43355731391137753,A,B,0
100648,100968,0.7305391685057705,0.10595693176853539,A,B,0
100808,101128,0.7094911608189937,-0.10012964321509858,A,B,0
100968,101288,0.6433828076201339,-0.18211557911945947,A,B,0
101128,101448,0.3961236926900344,-0.4117827416995188,A,B,0
101288,101608,0.21639804124290046,-0.36240965750243465,A,B,0
101448,101768,0.18830833180863862,-0.256666794723983,A,B,0
101608,101928,0.6513461015607452,0.2186070607650455,A,B,0
101768,102088,0.6831119501303466,0.09447306436829307,A,B,0
101928,102248,0.6703131783976806,-0.23483216625152856,A,B,0
102088,102408,0.7032383415448134,-0.4305242298710073,A,B,0
102248,102568,0.7084624771565831,-0.09360693952936017,A,B,0
102408,102728,0.8022147026617605,0.1784019884295783,A,B,0
102568,102888,0.7725481035484686,-0.3893718171408278,A,B,0
102728,103048,0.4933708512200131,-0.34062167373349905,A,B,0
102888,103208,0.6198622172222471,-0.05618223155888142,A,B,0
103048,103368,0.830657032358509,-0.022605098508657114,A,B,0
103208,103528,0.7564121479067692,0.03669509509737863,A,B,0
103368,103688,0.12472823254374012,-0.22777459989405277,A,B,0
103528,103848,0.18999376068029042,0.08845821220383715,A,B,0
103688,104008,0.5808760370499737,-0.4305903856623661,A,B,0
103848,104168,0.7258703050239079,-0.3436112807995814,A,B,0
104008,104328,0.719323864532615,0.3787634799138265,A,B,0
104168,104488,0.8226237853520173,0.12403561626551468,A,B,0
104328,104648,0.6482346812373535,-0.011900217979113295,A,B,0
104488,104808,0.4956283167801891,-0.02405663448616163,A,B,0
104648,104968,0.833413924625383,0.0911933028114077,A,B,0
104808,105128,0.6924623422405031,-0.3635348131912031,A,B,0
104968,105288,0.7395754586815548,0.2823236618505998,A,B,0
105128,105448,0.6314418201269858,0.15758431687373733,A,B,0
105288,105608,0.5360332275981191,0.32336007040891174,A,B,0
105448,105768,0.5693288766550328,0.4031048373361697,A,B,0
105608,105928,0.44608797822585694,-0.27498175166850636,A,B,0
105768,106088,0.4551630277728365,-0.3570271958482018,A,B,0
105928,106248,0.39361792073561214,-0.005586913327062523,A,B,0
106088,106408,0.4288434487037791,0.10916525907167811,A,B,0
106248,106568,0.35173922793169216,-0.06024417647208928,A,B,0
106408,106728,0.4470832827237934,-0.22267629560784755,A,B,0
106568,106888,0.7332970120316575,-0.025717210456983504,A,B,0
106728,107048,0.6196397802336367,-0.060724473769231437,A,B,0
106888,107208,0.171665746790079,0.31606229346173575,B,B,1
107048,107368,0.08384151770510342,0.18708017955703546,B,B,1
107208,107528,0.805127139637436,-0.1739215240933052,A,B,0
107368,107688,0.65459499087324,-0.4076090924334589,A,B,0
107528,107848,0.6577325139853075,-0.23064195480510313,A,B,0
107688,108008,0.7951199065327332,-0.17741057442369618,A,B,0
107848,108168,0.5143030147820105,-0.30475545770229046,A,B,0
108008,108328,0.5619947312866695,-0.22017239834112037,A,B,0
108168,108488,0.28973562371535383,0.0003996813923989935,A,B,0
108328,108648,0.16251442579429434,-0.11794951532447225,A,B,0
108488,108808,0.2018884211097844,-0.43893471973781883,A,B,0
108648,108968,0.22872527609331522,-0.48674621647273947,A,B,0
108808,109128,0.44058276450999606,-0.47745157310370157,A,B,0
108968,109288,0.45036864634326373,-0.16385913535904822,A,B,0
109128,109448,0.48197772933431215,0.1696770169191525,A,B,0
109288,109608,0.4524677154647207,0.35023601951399086,A,B,0
109448,109768,0.3108220778766147,0.1928385441605998,A,B,0
109608,109928,0.2820679674521785,0.16938566231870725,A,B,0
109768,110088,0.2817354780846046,0.11829140908507815,A,B,0
109928,110248,0.677065678700838,0.3709135518465765,A,B,0
110088,110408,0.6943473642809571,0.1813343872974123,A,B,0
110248,110568,0.6022843510665999,-0.05087392751069568,A,B,0
110408,110728,0.37190838987961783,-0.3085025292171662,A,B,0
110568,110888,0.25088628950374714,-0.1978705047860301,A,B,0
110728,111048,0.08534022030982354,-0.13961084315391425,A,B,0
110888,111208,0.17580079264846996,-0.07825466450076493,A,B,0
111048,111368,0.6178192677633894,-0.5435467267849822,A,B,0
111208,111528,0.45135423371018335,-0.5113500840056243,A,B,0
111368,111688,0.372301549225319,0.0986513963119098,A,B,0
111528,111848,0.34985318088722306,0.12365417775399044,A,B,0
111688,112008,0.7453713155532858,0.25631488087361437,A,B,0
111848,112168,0.13569204673965485,0.0016038487141709135,A,B,0
112008,112328,-0.13010896776626846,0.20540081239143387,B,B,1
112168,112488,-0.10713316958854731,-0.14314544121011397,A,B,0
112328,112648,0.39115404767228346,-0.18342388413453636,A,B,0
112488,112808,0.7743345178835292,0.6032091020701086,A,B,0
112648,112968,0.555265209270752,-0.09205171228450934,A,B,0
112808,113128,0.5070630294413484,-0.3577744368301621,A,B,0
112968,113288,0.43418095317100575,-0.48326281693425427,A,B,0
113128,113448,0.4588801986128632,-0.4526217306579772,A,B,0
113288,113608,0.6027530786011296,-0.08358541247946254,A,B,0
113448,113768,0.14394835679266443,-0.03775587510769319,A,B,0
113608,113928,0.2324596168702002,0.11552603338903732,A,B,0
113768,114088,0.48223915223174957,-0.18271587525731392,A,B,0
113928,114248,0.23907640092854743,0.08146112758226484,A,B,0
114088,114408,0.7038042853752697,-0.39854959935618517,A,B,0
114248,114568,0.6461089699103435,-0.36351817772770134,A,B,0
114408,114728,0.36822214741428555,-0.3003638531375599,A,B,0
114568,114888,0.6444213641677332,-0.2887628242453299,A,B,0
114728,115048,0.8052698496739777,0.23957316522425315,A,B,0
114888,115208,0.8445489639550583,0.42990757771661725,A,B,0
115048,115368,0.49772543719604023,0.09631214862769522,A,B,0
115208,115528,0.5564297390677057,-0.3129217905870376,A,B,0
115368,115688,0.48632841725843945,-0.4204733905597419,A,B,0
115528,115848,0.4409683470366109,-0.37239155321172035,A,B,0
115688,116008,0.45134353802820026,-0.5532651299878137,A,B,0
115848,116168,0.493110538358781,-0.7009495156489061,A,B,0
116008,116328,0.6033987161246533,-0.6870754353667319,A,B,0
116168,116488,0.20896791968245484,-0.456165997962203,A,B,0
116328,116648,0.05991803128295809,0.2165446085160106,B,B,1
116488,116808,0.4036153103894341,0.41954735098772744,B,B,1
116648,116968,0.8137844700619914,0.42508138241743954,A,B,0
116808,117128,0.37780492786380937,0.002454056052669476,A,B,0
116968,117288,0.2602845638486638,-0.30338333171838294,A,B,0
117128,117448,0.3532124729435483,-0.3693968944147333,A,B,0
117288,117608,0.37530517387742024,-0.10242851792757655,A,B,0
117448,117768,0.63948923408869,-0.17149107738963948,A,B,0
117608,117928,0.4169016129689388,-0.5016250700203853,A,B,0
117768,118088,0.0052748133920477395,-0.07910825866550411,A,B,0
117928,118248,0.09865344349230473,0.05208592999900127,A,B,0
118088,118408,0.4813552561928717,-0.5288072408158303,A,B,0
118248,118568,0.4824054265444365,-0.5040490187435942,A,B,0
118408,118728,0.21172435755226865,-0.6671739390767782,A,B,0
118568,118888,0.5127639078829389,-0.5285520333568772,A,B,0
118728,119048,0.77944698948739,0.2583218230458267,A,B,0
118888,119208,0.7411880153093856,-0.4382528410592543,A,B,0
119048,119368,0.4438242824829134,-0.3530467284502737,A,B,0
119208,119528,0.42033799282068557,-0.08801330432907369,A,B,0
119368,119688,0.6789117389147044,0.033629929945524266,A,B,0
119528,119848,0.6785538182093148,0.36864063025082683,A,B,0
119688,120008,0.32887199179506976,-0.19184724212744972,A,B,0
119848,120168,0.3254254787531528,-0.15848020276598704,A,B,0
120008,120328,0.15556365352855864,-0.1329204951118376,A,B,0
120168,120488,0.30128393521489916,0.09162867140296228,A,B,0
120328,120648,0.023946338797861504,0.014832691121250506,A,B,0
120488,120808,-0.12432151707267274,0.26188629614147185,B,B,1
120648,120968,0.17372366841227985,0.38479179682503967,B,B,1
120808,121128,0.4086802872367671,-0.07169018807947553,A,B,0
120968,121288,0.5377975179689334,-0.18140741554023812,A,B,0
121128,121448,0.49732506131145365,-0.1065002475155434,A,B,0
121288,121608,0.40350801780481516,0.1605866780180871,A,B,0
121448,121768,0.09381026333917596,0.32049055831163215,B,B,1
121608,121928,0.4435786266629911,-0.29878806757629167,A,B,0
121768,122088,0.40979562867552405,-0.6152374780346656,A,B,0
121928,122248,0.8517808906550609,0.8352475627465509,A,B,0
122088,122408,0.8279269126742954,0.3018213885456517,A,B,0
122248,122568,0.30268521750437494,0.010542271231513772,A,B,0
122408,122728,0.03829027994795519,-0.13769203809580227,A,B,0
122568,122888,0.2531320895436611,0.07850772126636153,A,B,0
122728,123048,0.5205630874877079,-0.22290027883189675,A,B,0
122888,123208,0.7859634148956464,-0.35086628917888935,A,B,0
123048,123368,0.6963861368096086,-0.09002427817749487,A,B,0
123208,123528,0.6429733013541981,-0.08048468177850936,A,B,0
123368,123688,0.6759632733794726,0.19805010759433797,A,B,0
123528,123848,0.8112817659374659,0.47599920332324525,A,B,0
123688,124008,0.506909977757207,-0.47738745127015897,A,B,0
123848,124168,0.5090333830203831,-0.43402568813599884,A,B,0
124008,124328,0.5596210783527623,-0.06264321680803821,A,B,0
124168,124488,0.5190720448418342,-0.1462561845699846,A,B,0
124328,124648,0.1494986044175891,0.03602771225075534,A,B,0
124488,124808,-0.09715103277125313,-0.005092436743832835,B,B,1
124648,124968,-0.22876753002024725,-0.1672061696691512,B,B,1
124808,125128,-0.32968608604450145,0.06928932894888763,B,B,1
124968,125288,-0.08356746969080496,0.13704833362883295,B,B,1
125128,125448,-0.18883421052020355,0.05864798915826753,B,B,1
125288,125608,0.4072646182218614,0.2222516294147571,A,B,0
125448,125768,0.25977886583953563,-0.13465376834045525,A,B,0
125608,125928,-0.01814752794841157,0.01956590649938377,B,B,1
125768,126088,0.037067159251912424,-0.23128040460180452,A,B,0
125928,126248,0.3408224395701419,0.16177031514807888,A,B,0
126088,126408,0.41240849750015446,0.5351452461987739,B,B,1
126248,126568,0.5208764915849381,0.23912748460614328,A,B,0
126408,126728,0.490308491073892,-0.1311401438242776,A,B,0
126568,126888,0.4576483861990764,0.23668177526849155,A,B,0
126728,127048,0.20554472535393922,0.3748022554984,B,B,1
126888,127208,0.46279385245649274,-0.2840244347457758,A,B,0
127048,127368,0.39376713307099415,0.2644703237549817,A,B,0
127208,127528,0.5526645599271353,0.487516604090234,A,B,0
127368,127688,0.7262661233050259,0.05146168286121081,A,B,0
127528,127848,0.7490684245903904,0.0469488944194472,A,B,0
127688,128008,0.6406604269889188,-0.35397979628901055,A,B,0
127848,128168,0.5091112706956907,-0.45980918848873525,A,A,1
128008,128328,0.24643919075849038,-0.10623706901409859,A,A,1
128168,128488,0.5223680362222572,-0.4086703920824415,A,A,1
128328,128648,0.5891799298254933,-0.32024060618364175,A,A,1
128488,128808,0.6040160929155469,-0.29605128791174923,A,A,1
128648,128968,0.325497039991511,-0.20373387212827837,A,A,1
128808,129128,0.5878512489761445,0.06375135146339957,A,A,1
128968,129288,0.4880996865131958,0.0932380278473404,A,A,1
129128,129448,0.12817938193377784,0.4084120661719778,B,A,0
129288,129608,-0.1735825282177647,0.52636785260446,B,A,0
129448,129768,0.13786106939094003,0.02545369746611066,A,A,1
129608,129928,0.4058235853429795,0.06945473841975788,A,A,1
129768,130088,0.47760813540884955,-0.2518748515718747,A,A,1
129928,130248,0.6591467356213137,0.33760511125514575,A,A,1
130088,130408,0.08818175080730839,-0.244316823652465,A,A,1
130248,130568,0.6260987763964907,-0.16930205207180743,A,A,1
130408,130728,0.7118327099770443,-0.29007415016006616,A,A,1
130568,130888,0.13731955975265667,-0.25445798987880425,A,A,1
130728,131048,0.6674127500369126,-0.2688610155345141,A,A,1
130888,131208,0.5325845855441906,-0.3457402330119487,A,A,1
131048,131368,0.5357892558973081,-0.30788145373257186,A,A,1
131208,131528,0.6462743427708176,-0.38899369186870686,A,A,1
131368,131688,0.585454954687094,-0.25730133819983847,A,A,1
131528,131848,0.4294368710752389,0.15818418269921333,A,A,1
131688,132008,0.5885706775936882,-0.473714275275493,A,A,1
131848,132168,0.18204579365635085,-0.44412320659189,A,A,1
132008,132328,0.4107822285954456,0.12322471634943834,A,A,1
132168,132488,0.5968314500198769,0.20871153701892473,A,A,1
132328,132648,0.40590411014009586,-0.10491724042744602,A,A,1
132488,132808,0.4623364956647167,-0.21709972585591958,A,A,1
132648,132968,0.5448148589473477,0.024364392527483087,A,A,1
132808,133128,0.6956219603441287,-0.06592166544408996,A,A,1
132968,133288,0.6820689348719622,-0.21727183778451278,A,A,1
133128,133448,0.1907137039917818,0.3029349672403428,B,A,0
133288,133608,0.0821777738609253,0.45360634288220414,B,A,0
133448,133768,0.7307581831751782,-0.13648430310893833,A,A,1
133608,133928,0.8536888763608411,-0.34397082334521506,A,A,1
133768,134088,0.6959299861735796,0.22354983685822427,A,A,1
133928,134248,0.26697000752478695,0.4658771345800053,B,A,0
134088,134408,0.4810564303925263,-0.10186287661553607,A,A,1
134248,134568,0.30399029522616344,-0.02884524961706748,A,A,1
134408,134728,0.22306902885005275,-0.21401397066526945,A,A,1
134568,134888,0.25315226069824803,-0.45857469431306785,A,A,1
134728,135048,0.23651671793176868,-0.4760962290647387,A,A,1
134888,135208,0.5110608502739059,-0.04129099034452485,A,A,1
135048,135368,0.3980153780828284,0.18602722339367148,A,A,1
135208,135528,0.5461714784990086,-0.07736257091894244,A,A,1
135368,135688,0.7174816060377253,-0.1967047770482898,A,A,1
135528,135848,0.6947749903831631,-0.11615924613195244,A,A,1
135688,136008,0.5417674253170147,-0.5467247823559988,A,A,1
135848,136168,0.5838234418601553,-0.4446943408941917,A,A,1
136008,136328,0.5447915076196532,-0.14553823283998032,A,A,1
136168,136488,0.5219275191582043,0.15098244718253673,A,A,1
136328,136648,0.701664944422147,0.15416822473248815,A,A,1
136488,136808,0.4542511647835989,0.24704169760535113,A,A,1
136648,136968,-0.32643549983824205,0.16136508377198033,B,A,0
136808,137128,0.3264374961316335,0.16610618224047605,A,A,1
136968,137288,0.6630941622127806,-0.1038246590328688,A,A,1
137128,137448,0.5781578823685067,-0.22284255098617223,A,A,1
137288,137608,0.31591979314206314,-0.06900974839525882,A,A,1
137448,137768,0.06333113464872671,0.03555633088440271,A,A,1
137608,137928,0.15470304022855852,-0.2104383518938846,A,A,1
137768,138088,0.4504506815016442,-0.28797702942874814,A,A,1
137928,138248,0.4787058805670233,-0.3069837952877761,A,A,1
138088,138408,0.6128998860624286,-0.2729456151848251,A,A,1
138248,138568,0.6735039359924464,-0.09050950251232603,A,A,1
138408,138728,0.35174603649391134,-0.22888688548692218,A,A,1
138568,138888,0.008482576479674713,-0.05417915540607086,A,A,1
138728,139048,-0.0037141463407671426,0.17216955571975218,B,A,0
138888,139208,-0.07189960721264148,-0.05232946120845794,B,A,0
139048,139368,0.6473079342531153,-0.07296589102671483,A,A,1
139208,139528,0.7159288510574124,-0.22202909597479797,A,A,1
139368,139688,-0.019102107812460006,-0.15183224130910303,A,A,1
139528,139848,0.20427066426170004,-0.15194733522339987,A,A,1
139688,140008,0.4252144231242901,-0.037357814055788766,A,A,1
139848,140168,0.33159395555989557,-0.13612183595708272,A,A,1
140008,140328,0.21474206091543194,-0.25203150883073383,A,A,1
140168,140488,0.2610339645367703,-0.27597725542575324,A,A,1
140328,140648,0.6385698084655019,0.2447431614563016,A,A,1
140488,140808,0.6614338798222665,-0.37015781406230225,A,A,1
140648,140968,0.677658075333954,-0.3332619561163598,A,A,1
140808,141128,0.6939938420525534,-0.3688754012282156,A,A,1
140968,141288,0.4402389613973279,-0.2560529768968945,A,A,1
141128,141448,0.6668539027635279,0.010127401353975574,A,A,1
141288,141608,0.7314924299505491,-0.08804761248084639,A,A,1
141448,141768,0.6838846114620544,-0.1662638628063397,A,A,1
141608,141928,0.31144006623637843,0.05534000731472695,A,A,1
141768,142088,0.45046092433127727,-0.13255379261554903,A,A,1
141928,142248,0.674214258933012,0.3521869131155239,A,A,1
142088,142408,0.46047086905614043,0.2301783545676874,A,A,1
142248,142568,0.573158327036911,-0.4456089565250318,A,A,1
142408,142728,0.5927297931277341,-0.19820928366220705,A,A,1
142568,142888,0.3578932700933659,0.43802540591968625,B,A,0
142728,143048,0.3032572889340074,-0.14665667031474386,A,A,1
142888,143208,0.2852952735580579,-0.17737078584374205,A,A,1
143048,143368,0.28148622650996064,0.05571349487438939,A,A,1
143208,143528,0.408401708665208,0.3406893643930237,A,A,1
143368,143688,0.32271714268242696,0.2222330397172135,A,A,1
143528,143848,0.13676333670021673,-0.15850465829549565,A,A,1
143688,144008,0.21323285277809106,0.10261708233880987,A,A,1
143848,144168,0.19665552953467896,0.05226761936660764,A,A,1
144008,144328,0.22250399093557519,0.03585829776738808,A,A,1
144168,144488,0.2130868661715825,-0.025501984079664922,A,A,1
144328,144648,0.08346142618503756,-0.010626403339311958,A,A,1
144488,144808,0.27334323483073286,0.17307862887211292,A,A,1
144648,144968,0.4962197373012571,0.36569735038906126,A,A,1
144808,145128,0.11152450199143923,0.24747373576935067,B,A,0
144968,145288,0.15746163659107199,-0.46368828070991686,A,A,1
145128,145448,0.5200951728883632,-0.23529135405231863,A,A,1
145288,145608,0.6556701255430035,0.49682724803523587,A,A,1
145448,145768,0.6415689129030389,0.4002641075674138,A,A,1
145608,145928,0.6272244180359714,-0.03029898007945968,A,A,1
145768,146088,0.7788436629743489,-0.3422372242523977,A,A,1
145928,146248,0.6767298807264976,-0.10379961536739062,A,A,1
146088,146408,0.6934140652468822,0.28897825001729743,A,A,1
146248,146568,0.6478783572249335,0.008922429962166304,A,A,1
146408,146728,0.37707705625226096,-0.09454058744229218,A,A,1
146568,146888,0.30183934641869925,0.05353738989401281,A,A,1
146728,147048,0.5501380980116116,0.4392995786442197,A,A,1
146888,147208,0.1941416242969901,0.34538344488064376,B,A,0
147048,147368,0.3805113192057871,-0.25458181587414364,A,A,1
147208,147528,0.24463485256382325,-0.09279523549204097,A,A,1
147368,147688,0.06398797316341596,0.28157996966460097,B,A,0
147528,147848,0.05888044321928275,0.05572653199010029,A,A,1
147688,148008,0.18572062332318,-0.11700159932138826,A,A,1
147848,148168,0.2842969597958746,-0.309389598862051,A,A,1
148008,148328,0.6020890870610314,-0.4331877510458593,A,A,1
148168,148488,0.7003583490970123,-0.17512529418714204,A,A,1
148328,148648,0.7413422356066082,0.08877025886129722,A,A,1
148488,148808,0.021290030380393128,0.4889631145100438,B,A,0
148648,148968,-0.17130315535282262,0.027067383239890226,B,A,0
148808,149128,0.5640668707738521,-0.20819557373952302,A,A,1
148968,149288,0.30705013737041087,-0.38220727970846213,A,A,1
149128,149448,-0.5602341978402845,-0.6230936834562448,A,A,1
149288,149608,0.20833840314388746,-0.14836983339973003,A,A,1
149448,149768,0.6408591431310283,-0.3677947660626228,A,A,1
149608,149928,0.7035312324935676,-0.44325614603582775,A,A,1
149768,150088,0.4942754545167597,-0.48232824040773176,A,A,1
149928,150248,0.41209999641809686,0.011597206586920579,A,A,1
150088,150408,0.295052330815476,0.3794534474067391,B,A,0
150248,150568,0.7407679131778907,-0.08282211865278949,A,A,1
150408,150728,0.8801866163181488,0.2373249518566968,A,A,1
150568,150888,0.6508381644684642,0.41079161218057275,A,A,1
150728,151048,0.6511216371975785,0.18521834935354828,A,A,1
150888,151208,0.5576372703669571,0.0682956361905871,A,A,1
151048,151368,0.5532417691642272,-0.4298475467831516,A,A,1
151208,151528,0.6630520042046751,-0.3448144800026047,A,A,1
151368,151688,0.7320958044364916,-0.3669419002509217,A,A,1
151528,151848,0.7515722967752217,-0.056971977826819634,A,A,1
151688,152008,0.7514473384460215,-0.13797077261122523,A,A,1
151848,152168,0.6656484238811539,-0.18519500060515284,A,A,1
152008,152328,0.1353832137446592,0.34859593067058436,B,A,0
152168,152488,-0.28586464331419065,0.06935657772805955,B,A,0
152328,152648,-0.22777690093053737,0.18968838423449366,B,A,0
152488,152808,0.3089809395840183,-0.1495046198617208,A,A,1
152648,152968,0.5675084747165057,-0.21856092468742871,A,A,1
152808,153128,0.7548761142749344,-0.11756663289853286,A,A,1
152968,153288,0.47133771547117115,-0.027189932116298447,A,A,1
153128,153448,0.27589202519998623,-0.20950799004075724,A,A,1
153288,153608,0.7272799498078543,0.3292573998036338,A,A,1
153448,153768,0.7386481542906003,-0.2891363079365581,A,A,1
153608,153928,0.4330813557184755,-0.6321600075808635,A,A,1
153768,154088,0.6399735021577899,-0.43223194704282897,A,A,1
153928,154248,0.7415853992149475,-0.4456157470240902,A,A,1
154088,154408,0.8420954704264952,0.1809249923890962,A,A,1
154248,154568,0.6002376193941636,-0.045070925764754015,A,A,1
154408,154728,0.49469601302164573,0.015461512030818149,A,A,1
154568,154888,0.6019715312066393,-0.21821709758171587,A,A,1
154728,155048,0.4814206663110651,-0.23664364019534828,A,A,1
154888,155208,0.2866470099344189,-0.30702392122461863,A,A,1
155048,155368,0.49754254397262365,-0.10333300554127281,A,A,1
155208,155528,0.15515184622276573,-0.3793463200814095,A,A,1
155368,155688,0.7215608950979269,-0.010124106180605367,A,A,1
155528,155848,0.7981624887891342,0.201548377537352,A,A,1
155688,156008,0.7181492765264671,-0.22666406726984248,A,A,1
155848,156168,0.7283822217194464,-0.5406054275579172,A,A,1
156008,156328,0.8507358120234952,-0.08104399094191327,A,A,1
156168,156488,0.8020681024709839,0.012324305949014484,A,A,1
156328,156648,0.6161445174262586,-0.3258972526113537,A,A,1
156488,156808,0.37349308661088537,-0.06369855749821213,A,A,1
156648,156968,0.4538263134309807,-0.23451569513692636,A,A,1
156808,157128,0.4949093902181837,-0.14806190343432366,A,B,0
156968,157288,-0.16993023902407753,0.5041919202082159,B,B,1
157128,157448,-0.08140701055161356,0.4372802772861181,B,B,1
157288,157608,0.5646019292401011,0.36267221224608337,A,B,0
157448,157768,0.5689680689590599,-0.49880198495172895,A,B,0
157608,157928,0.5932500140305057,-0.37935217578570907,A,B,0
157768,158088,0.6206234687090513,-0.5284681075117976,A,B,0
157928,158248,0.7642155432860367,-0.559642562406753,A,B,0
158088,158408,0.6274148036936098,-0.6426005779043563,A,B,0
158248,158568,0.5538404743317721,-0.5034333193036636,A,B,0
158408,158728,0.35674814805533805,-0.4733690193161961,A,B,0
158568,158888,0.6386363698403287,-0.4492028688874164,A,B,0
158728,159048,0.6021974979310297,-0.0005571786963125123,A,B,0
158888,159208,0.38562058860948556,0.20091876516306065,A,B,0
159048,159368,0.26250963943599676,-0.22233216340791936,A,B,0
159208,159528,-0.10828494847222395,-0.062187130913589135,B,B,1
159368,159688,-0.06105406517896094,-0.2852686407265535,A,B,0
159528,159848,-0.03371705937177667,-0.2811983985463181,A,B,0
159688,160008,0.13240476416896554,-0.1386894436418859,A,B,0
159848,160168,0.19095714639652894,0.06148809721522878,A,B,0
160008,160328,0.14600610391322222,-0.29059657764302765,A,B,0
160168,160488,0.12897764913849835,0.2898800926295966,B,B,1
160328,160648,0.044282508038868205,0.11282794877668137,B,B,1
160488,160808,0.1551934672422153,-0.5155204650788264,A,B,0
160648,160968,0.5689602713499675,-0.19887271263540376,A,B,0
160808,161128,0.31277282933394335,-0.08900722283712093,A,B,0
160968,161288,0.1663717275467242,0.08917772441630971,A,B,0
161128,161448,-0.06549719146146511,-0.04164589923885994,B,B,1
161288,161608,0.04926139092760079,-0.09102335887135704,A,B,0
161448,161768,0.4933794971935361,-0.15238044168130735,A,B,0
161608,161928,0.6426610797825794,-0.40659194942477267,A,B,0
161768,162088,0.4151770531495926,-0.10904173522036836,A,B,0
161928,162248,0.4252616049939254,-0.14083357343203318,A,B,0
162088,162408,0.3892071982936282,0.07023653329844622,A,B,0
162248,162568,0.10549064101556782,-0.011357800245041922,A,B,0
162408,162728,-0.11396548002811738,0.17639638392666404,B,B,1
162568,162888,-0.20096359853405263,-0.03299677110852592,B,B,1
162728,163048,0.1300226141254684,0.08823765955835174,A,B,0
162888,163208,0.22642036680898564,-0.004389361324285981,A,B,0
163048,163368,0.3640803977064997,0.009079251574302371,A,B,0
163208,163528,0.2599821608871729,-0.13983250251759213,A,B,0
163368,163688,0.5131510589874433,-0.38389583143547623,A,B,0
163528,163848,0.5087233724665051,-0.24453017782599692,A,B,0
163688,164008,-0.08425126505932813,0.1049481314282815,B,B,1
163848,164168,0.29576685783861967,0.4872715393399973,B,B,1
164008,164328,0.5128634938303895,0.10480700603623454,A,B,0
164168,164488,0.442321309740081,-0.19248510064968138,A,B,0
164328,164648,0.4985238455805559,-0.09592161932953171,A,B,0
164488,164808,-0.06741895939430678,-0.5890421047009596,A,B,0
164648,164968,0.07627922335155685,-0.4763460164946571,A,B,0
164808,165128,0.7291141715983932,-0.41877021703069867,A,B,0
164968,165288,0.8219234279950735,-0.13654486446316483,A,B,0
165128,165448,0.6133271862174683,-0.07426827416649913,A,B,0
165288,165608,0.5449370825367497,-0.03907435486361587,A,B,0
165448,165768,0.6549034999905207,-0.21899376715170843,A,B,0
165608,165928,0.451689983829306,-0.28901324798622274,A,B,0
165768,166088,0.22044687278464414,0.08299059311981087,A,B,0
165928,166248,0.08696465460091522,-0.33553004801931163,A,B,0
166088,166408,0.4549378951404998,-0.06937500645205125,A,B,0
166248,166568,0.3689093262550105,-0.021138543143373222,A,B,0
166408,166728,0.5894141200708357,-0.4323237670702861,A,B,0
166568,166888,0.30650127673153715,-0.5856471780814256,A,B,0
166728,167048,0.16748018985859672,-0.21692529706106173,A,B,0
166888,167208,0.1224901271972922,0.022945283908505653,A,B,0
167048,167368,0.1304214466974629,0.007717016598933899,A,B,0
167208,167528,-0.06650175678756509,-0.21348966192278274,A,B,0
167368,167688,0.031023795494833376,-0.2723692521779434,A,B,0
167528,167848,0.14301777392039786,-0.17916346756842963,A,B,0
167688,168008,-0.06703186684690281,0.11463611360902698,B,B,1
167848,168168,-0.21675770745746342,0.27717124087550815,B,B,1
168008,168328,-0.05264719171472724,0.1740041407355067,B,B,1
168168,168488,0.2530492025638235,0.05908682175268592,A,B,0
168328,168648,0.522786081202648,-0.03207498615707052,A,B,0
168488,168808,0.3668053521928274,0.09972924185406463,A,B,0
168648,168968,0.6882911027175179,-0.2836192592175363,A,B,0
168808,169128,0.7126614312118064,0.0607578973667014,A,B,0
168968,169288,0.4873076280993533,0.10547600373924236,A,B,0
169128,169448,0.299433604046617,0.1739334796827021,A,B,0
169288,169608,0.3655469604542521,0.1699199211269721,A,B,0
169448,169768,0.3014877723103366,0.07311196324723816,A,B,0
169608,169928,-0.14252483449418665,-0.04566572177150804,B,B,1
169768,170088,0.4256037370785575,0.12563931664449457,A,B,0
169928,170248,0.7438664573804878,0.7170228167202898,A,B,0
170088,170408,0.7216893018294858,0.26868573663064543,A,B,0
170248,170568,0.6068720367527541,0.2652947566717275,A,B,0
170408,170728,0.6496188599840103,0.19315287791804067,A,B,0
170568,170888,0.0502790898528696,-0.38411471872871505,A,B,0
170728,171048,0.1709812456414014,0.37766261535594225,B,B,1
170888,171208,0.08362024469437958,0.17985917008953659,B,B,1
171048,171368,0.11691739523549523,0.08366825331469133,A,B,0
171208,171528,0.17416614259995752,0.03344997278862332,A,B,0
171368,171688,0.020662473563466073,-0.2458232162462446,A,B,0
171528,171848,0.34507516703097957,-0.023331060412888106,A,B,0
171688,172008,0.44678288070027933,-0.1303122147165528,A,B,0
171848,172168,0.24516853232787725,-0.19072844553733637,A,B,0
172008,172328,-0.06545520685634526,-0.09367662074890411,A,B,0
172168,172488,0.10932767224032222,0.03863111407507017,A,B,0
172328,172648,0.5566404327520933,0.28515330027107055,A,B,0
172488,172808,0.18191901874766428,0.06496611110007493,A,B,0
172648,172968,0.06264583113665416,-0.08979353155068838,A,B,0
172808,173128,0.3983622864994939,-0.15150327432057945,A,B,0
172968,173288,0.3753320474181953,-0.16329227926168452,A,B,0
173128,173448,0.2842468677975971,-0.23798276006763083,A,B,0
173288,173608,0.327001552514009,-0.3047301702732367,A,B,0
173448,173768,0.5960429805724385,-0.21542459287084545,A,B,0
173608,173928,0.6057122567971673,-0.4356842718206815,A,B,0
173768,174088,0.5882444470887546,-0.10419603852567244,A,B,0
173928,174248,0.687152278027957,-0.21940813222563244,A,B,0
174088,174408,0.5281472563665607,-0.32505623230736186,A,B,0
174248,174568,0.37928360684054824,-0.34400186695831647,A,B,0
174408,174728,0.18475645009926972,-0.13099074760067866,A,B,0
174568,174888,0.5388931650092029,-0.1018985893954202,A,B,0
174728,175048,0.691969965077029,-0.22543244244707028,A,B,0
174888,175208,0.5546547859419061,-0.3661600416157529,A,B,0
175048,175368,0.5955800754659316,-0.31157095500875764,A,B,0
175208,175528,0.5296675993430692,-0.2080669614390934,A,B,0
175368,175688,0.43876502810003903,-0.21000243705989458,A,B,0
175528,175848,0.5656843487295425,0.15656574775810594,A,B,0
175688,176008,0.25511090145972004,-0.2306367635803211,A,B,0
175848,176168,0.23445334818547564,-0.5549338018354557,A,B,0
176008,176328,0.5503728077407446,-0.3683292604774098,A,B,0
176168,176488,0.7763027838005135,0.010140519512297616,A,B,0
176328,176648,0.46586104830743524,-0.23117368488038326,A,B,0
176488,176808,0.46959601545203666,0.08856342492417917,A,B,0
176648,176968,-0.402182912262535,-0.35428978197169664,B,B,1
176808,177128,0.3050639724672315,0.29047015060083864,A,B,0
176968,177288,0.7878656354566439,0.7380145933596807,A,B,0
177128,177448,0.4529719416965831,0.013503405988832743,A,B,0
177288,177608,0.039773373104164046,-0.13197602068377712,A,B,0
177448,177768,-0.0974581386977693,0.06837625555547465,B,B,1
177608,177928,0.3883462465699218,-0.06866336629359787,A,B,0
177768,178088,0.22148848945959376,-0.2120100414470571,A,B,0
177928,178248,0.33184168993133795,-0.16426634546832092,A,B,0
178088,178408,0.47145821303997687,-0.41443911095934705,A,B,0
178248,178568,0.5956795382471791,-0.3806125357041161,A,B,0
178408,178728,0.7621569576228215,0.15444897483406606,A,B,0
178568,178888,0.6376646601907079,0.08010244330016941,A,B,0
178728,179048,-0.13720140961848368,0.12652349594950574,B,B,1
178888,179208,0.4777067674686458,-0.4667865929515933,A,B,0
179048,179368,0.6683333905375278,-0.26410537913467264,A,B,0
179208,179528,-0.1549254601251958,0.5243829245961709,B,B,1
179368,179688,-0.18519710727253974,0.12750166078146216,B,B,1
179528,179848,0.35446979278510077,-0.21743070483518745,A,B,0
179688,180008,-0.13802488723704884,0.03476797992342549,B,B,1
179848,180168,-0.07228914859279113,-0.07213654542068565,B,B,1
180008,180328,0.36493503711573433,-0.09574226163390155,A,B,0
180168,180488,0.5529210634146184,-0.14049599529037285,A,B,0
180328,180648,0.7664491456234152,0.4311666978869408,A,B,0
180488,180808,0.333080086071733,-0.5986647918204733,A,B,0
180648,180968,0.4340276519941774,-0.5664699477151212,A,B,0
180808,181128,0.6079203270605632,-0.2975407238049291,A,B,0
180968,181288,0.3822343735739692,0.07202066864313475,A,B,0
181128,181448,-0.029041574928975137,0.32213130574015303,B,B,1
181288,181608,0.09678245955356929,-0.1338656064909469,A,B,0
181448,181768,0.35890450597680557,-0.04418254555030529,A,B,0
181608,181928,0.33756893929256365,-0.17793116665791653,A,B,0
181768,182088,0.16788701546429594,-0.24879764996084552,A,B,0
181928,182248,0.12225001734948482,-0.2828429955170877,A,B,0
182088,182408,0.03355747371403901,-0.22321100645952702,A,B,0
182248,182568,-0.005985907951084054,-0.14947573893282948,A,B,0
182408,182728,0.2670152077037377,0.026814334098752942,A,B,0
182568,182888,0.47451750885520405,0.14989255981147717,A,B,0
182728,183048,0.6324113302716685,-0.2226976613284202,A,B,0
182888,183208,0.7184658372175885,-0.3607491976615066,A,B,0
183048,183368,0.5326187135221062,-0.5716191041113913,A,B,0
183208,183528,0.398961280152189,-0.4563641472421594,A,B,0
183368,183688,0.6778880334317361,-0.11249200179648448,A,B,0
183528,183848,0.6054390278708295,-0.321154872573367,A,B,0
183688,184008,0.4954250738668454,0.0795269308625552,A,B,0
183848,184168,0.5735869580936248,-0.3369071559878477,A,B,0
184008,184328,0.3861370175955667,-0.2669562835482584,A,B,0
184168,184488,0.43392396109806874,0.07825887238664779,A,B,0
184328,184648,0.600881466715245,0.06397886669377659,A,B,0
184488,184808,0.451885235300835,0.08937089214335843,A,B,0
184648,184968,0.6753664543856138,-0.08438238898281919,A,B,0
184808,185128,0.7044307771128364,-0.21975327550293092,A,B,0
184968,185288,0.5397087963565862,-0.2344487084947955,A,B,0
185128,185448,0.4328560567363947,-0.007751793612498185,A,B,0
185288,185608,-0.05830205590544421,-0.42813106245586824,A,B,0
185448,185768,-0.16665521080109408,-0.19356659110735114,A,B,0
185608,185928,0.06052259179961815,0.0837661566193229,B,B,1
185768,186088,0.1736488341228054,0.029435822732966282,A,B,0
185928,186248,-0.011190112235989348,0.1362737673647561,B,B,1
186088,186408,0.08827208538112533,-0.04961237597048968,A,B,0
186248,186568,0.07135120593065035,0.04988982497236294,A,B,0
186408,186728,0.21564639504251584,-0.13591395659915628,A,B,0
186568,186888,0.11017549222012947,-0.19213065530579854,A,B,0
186728,187048,-0.00802749422625438,0.053011208746167666,B,B,1
186888,187208,0.20141119518565503,0.06745566507275157,A,B,0
187048,187368,0.6361236180335224,0.2393530836025934,A,B,0
187208,187528,0.3979544652268133,-0.014558705666483257,A,B,0
187368,187688,0.6603043724757499,-0.037845540500933854,A,B,0
187528,187848,0.8458349188445159,0.1716673644548587,A,B,0
187688,188008,0.7904138616478539,-0.2006602913587449,A,B,0
187848,188168,0.7570521748386541,-0.33928337458726293,A,B,0
188008,188328,0.5892002636636406,-0.5596362419217639,A,B,0
188168,188488,0.5985010627460327,-0.27788881556498773,A,B,0
188328,188648,0.5885147773731929,0.12386174115528391,A,B,0
188488,188808,0.6011400573723079,-0.2685036679943533,A,B,0
188648,188968,0.2632109025152536,-0.35632467845029925,A,B,0
188808,189128,0.4794165097567934,-0.1343144843643613,A,B,0
188968,189288,0.6846076977863245,0.14535054811182596,A,B,0
189128,189448,0.14306262817372417,0.037781311017164386,A,B,0
189288,189608,0.7399599378334218,0.4344138533523287,A,B,0
189448,189768,0.6965975213355897,0.06471062003572228,A,B,0
189608,189928,0.6489885592716695,-0.5895302822769506,A,B,0
189768,190088,0.6924684917300453,-0.04307614045621126,A,B,0
189928,190248,0.6327863558047897,-0.47287722851044356,A,B,0
190088,190408,0.8164946603530324,-0.6413421145380717,A,B,0
190248,190568,0.7925841057731955,-0.5456484424293931,A,B,0
190408,190728,0.26872851293747996,-0.30667555944369707,A,B,0
190568,190888,-0.03965659378005681,-0.08302204756689596,A,B,0
190728,191048,0.25462937999101465,0.014369577323836223,A,B,0
190888,191208,0.47760068341183204,0.2676501353035514,A,B,0
191048,191368,0.7451409286716172,0.6594761122190793,A,B,0
191208,191528,0.6607558788282909,-0.3484104313439351,A,B,0
191368,191688,0.4460556935952028,0.23855994803268502,A,B,0
191528,191848,0.6654099147155818,0.24646794332869051,A,B,0
